{"cameraMode":{"drawMode":0,"name":"Shaded","section":"Shading Mode"},"sceneLighting":true,"audioPlay":false,"sceneViewState":{"showFog":false,"showMaterialUpdate":false,"showSkybox":true,"showFlares":false,"showImageEffects":false,"showParticleSystems":false,"showVisualEffectGraphs":true,"m_FxEnabled":true},"in2DMode":false,"pivot":{"x":-2.9467616081237795,"y":-29.73260498046875,"z":95.35269165039063},"rotation":{"x":0.22103773057460786,"y":-0.003501665312796831,"z":0.0008857573266141117,"w":0.975130558013916},"size":223.21408081054688,"orthographic":false}